{"cameraMode":{"drawMode":0,"name":"Shaded","section":"Shading Mode"},"sceneLighting":true,"audioPlay":false,"sceneViewState":{"m_AlwaysRefresh":false,"showFog":true,"showSkybox":true,"showFlares":true,"showImageEffects":true,"showParticleSystems":true,"showVisualEffectGraphs":true,"m_FxEnabled":true},"in2DMode":false,"pivot":{"x":5.9850969314575199,"y":3.394136905670166,"z":-11.166467666625977},"rotation":{"x":0.01899421028792858,"y":0.9000353217124939,"z":-0.039458904415369037,"w":0.43343785405158999},"size":12.461819648742676,"orthographic":false}