{"cameraMode":{"drawMode":0,"name":"Shaded","section":"Shading Mode"},"sceneLighting":true,"audioPlay":false,"sceneViewState":{"m_AlwaysRefresh":false,"showFog":true,"showSkybox":true,"showFlares":true,"showImageEffects":true,"showParticleSystems":true,"showVisualEffectGraphs":true,"m_FxEnabled":true},"in2DMode":false,"pivot":{"x":8.562664985656739,"y":0.12851086258888246,"z":-19.05519676208496},"rotation":{"x":0.02956145443022251,"y":0.944158136844635,"z":-0.08835365623235703,"w":0.3158215880393982},"size":12.461819648742676,"orthographic":false}